"coloE_sample_names","mse_list_EF","mse_list_EA"
"TCGA-3L-AA1B-01A-11D-A36X-10",3.36464690068006e-22,0.000180482753128003
"TCGA-4N-A93T-01A-11D-A36X-10",0,0.00892264081889805
"TCGA-4T-AA8H-01A-11D-A40P-10",6.2381271492131e-25,0.000553227141939039
"TCGA-5M-AAT4-01A-11D-A40P-10",0.00780924080779723,0.0260463038179388
"TCGA-5M-AAT5-01A-21D-A40P-10",8.53402871547368e-22,4.427991571902e-05
"TCGA-5M-AAT6-01A-11D-A40P-10",0,0.00014438909801137
"TCGA-5M-AATA-01A-31D-A40P-10",1.11521512690127e-27,0.00182932113120348
"TCGA-5M-AATE-01A-11D-A40P-10",0.000535334758536801,0.0101285327863477
"TCGA-A6-2671-01A-01D-1408-10",0,0.000397608770928806
"TCGA-A6-2674-01A-02D-A270-10",0,0.00220631497836941
"TCGA-A6-2675-01A-02D-1719-10",0.000503834683832779,0.00358311440507368
"TCGA-A6-2677-01A-01D-A270-10",0,0.0011126697254843
"TCGA-A6-2684-01A-01D-A270-10",6.05573272497226e-23,0.000444256964943755
"TCGA-A6-2686-01A-01D-1408-10",0,6.89347933208834e-05
"TCGA-A6-3808-01A-01W-0995-10",0,0.00132394243512813
"TCGA-A6-3809-01A-01D-A270-10",1.15051568194665e-23,0.000235096448101094
"TCGA-A6-3810-01A-01D-A270-10",0,9.15959640935796e-05
"TCGA-A6-4105-01A-02D-1771-10",0,0.00274993316726179
"TCGA-A6-4107-01A-02D-1408-10",3.14210717707765e-22,0.00115314393438902
"TCGA-A6-5656-01A-21D-A270-10",0.00618309559050325,0.00198853400647451
"TCGA-A6-5657-01A-01D-1650-10",9.79167023942974e-24,0.000185944057892075
"TCGA-A6-5659-01A-01D-A270-10",0,0.00157321817199551
"TCGA-A6-5660-01A-01D-1650-10",0,0.000190147799613474
"TCGA-A6-5661-01A-01D-1650-10",0.00550645214970773,0.000142663882307758
"TCGA-A6-5662-01A-01D-1650-10",0.0109208532687477,0.000297069459184097
"TCGA-A6-5665-01A-01D-1650-10",0,0.000382261711549287
"TCGA-A6-5666-01A-01D-1650-10",0,1.02435128281286e-05
"TCGA-A6-6137-01A-11D-1771-10",1.70924792294156e-22,0.00384920088368619
"TCGA-A6-6138-01A-11D-1771-10",0.000445962257026979,0.0140778313935595
"TCGA-A6-6142-01A-11D-1771-10",0,0.000241754506056067
"TCGA-A6-6649-01A-11D-1771-10",0,0.000187891408319098
"TCGA-A6-6651-01A-21D-1835-10",0.00124870531202063,0.0978626853565657
"TCGA-A6-6652-01A-11D-1771-10",0,0.000248315407924776
"TCGA-A6-6653-01A-11D-1771-10",0,3.83512755990609e-05
"TCGA-A6-6654-01A-21D-1835-10",2.53329857679049e-24,0.00279603813705027
"TCGA-A6-6780-01A-11D-A270-10",0,0.00150753299075349
"TCGA-A6-6781-01A-22D-A270-10",0.00656307115125799,5.17126306783292e-05
"TCGA-A6-6782-01A-11D-1835-10",0.00124974656825894,0.000793033714162291
"TCGA-AA-3492-01A-01D-1408-10",0,0.000535311904458528
"TCGA-AA-3496-01A-21D-1835-10",0,0.000783484051985964
"TCGA-AA-3502-01A-01D-1408-10",1.08736458031893e-21,0.00286257613220031
"TCGA-AA-3506-01A-01D-2188-10",0,0.00112032323662238
"TCGA-AA-3510-01A-01D-1408-10",5.90850789876438e-22,3.97168974420005e-05
"TCGA-AA-3519-01A-02D-1953-10",0,0.00201285359725341
"TCGA-AA-3520-01A-01D-1953-10",0,0.0415872835580847
"TCGA-AA-3530-01A-01W-0995-10",0.0118877743217634,0.00210786249012231
"TCGA-AA-3534-01A-01D-1953-10",0.0184419508180707,0.0243662241961994
"TCGA-AA-3548-01A-01D-1953-10",0,0.00949276992819132
"TCGA-AA-3655-01A-02D-1719-10",0,0.0009800081520352
"TCGA-AA-3660-01A-01D-1719-10",0.0243295364546114,0.00122113375519754
"TCGA-AA-3663-01A-01D-1719-10",0,3.97622327049846e-05
"TCGA-AA-3667-01A-01W-0900-09",0,0.000401566750687353
"TCGA-AA-3673-01A-01W-0900-09",0,0.00376057624353189
"TCGA-AA-3675-01A-02W-0900-09",0.00509893957224999,0.00108475605044641
"TCGA-AA-3678-01A-01W-0900-09",0,0.000297071359849338
"TCGA-AA-3679-01A-02W-0900-09",7.45119184324089e-29,0.00306689433180277
"TCGA-AA-3680-01A-01W-0900-09",6.16297582203916e-33,0.00133663228974607
"TCGA-AA-3681-01A-01W-0900-09",0,4.86762784986246e-05
"TCGA-AA-3684-01A-02W-0900-09",0,0.000267458228334
"TCGA-AA-3692-01A-01W-0900-09",2.78726314659979e-25,0.00742745504984758
"TCGA-AA-3695-01A-01W-0900-09",0.0257028802376297,0.00312896424542524
"TCGA-AA-3696-01A-01W-0900-09",0.0182549057535434,0.0011212876635871
"TCGA-AA-3712-01A-21D-1719-10",6.11488011996282e-22,0.000632476029077258
"TCGA-AA-3713-01A-21D-1719-10",2.7030826337795e-23,0.000321316401678396
"TCGA-AA-3715-01A-01W-0900-09",0,0.000937248769583911
"TCGA-AA-3811-01A-01W-0995-10",0,0.000645269500931441
"TCGA-AA-3812-01A-01W-0900-09",0,0.00162665332116535
"TCGA-AA-3814-01A-01W-0900-09",7.48194128880419e-22,0.00273021340092931
"TCGA-AA-3815-01A-01W-0995-10",2.46640039617208e-23,0.000143832413259945
"TCGA-AA-3818-01A-01W-0900-09",0,0.000464274924570775
"TCGA-AA-3819-01A-01W-0900-09",0,0.000201792212254583
"TCGA-AA-3821-01A-01W-0995-10",0,2.36818121565411e-05
"TCGA-AA-3831-01A-01W-0900-09",0,0.0029027067390713
"TCGA-AA-3833-01A-01W-0900-09",0.00523565912965892,0.000646161209878165
"TCGA-AA-3837-01A-01W-0900-09",8.46064705098474e-23,0.00258666427300717
"TCGA-AA-3841-01A-01W-0900-09",0,0.00108367917403234
"TCGA-AA-3842-01A-01W-0995-10",0,0.000601523907014738
"TCGA-AA-3845-01A-01W-0995-10",0,0.000296498396307149
"TCGA-AA-3846-01A-01W-0995-10",4.58733108852355e-26,9.2586881770137e-05
"TCGA-AA-3848-01A-01W-0900-09",0,0.000155123649461297
"TCGA-AA-3850-01A-01W-0995-10",0.00329615756539772,0.00397610524837577
"TCGA-AA-3851-01A-01W-0995-10",6.36635402416645e-30,4.41627658859534e-06
"TCGA-AA-3852-01A-01W-0900-09",0,0.00123558424727052
"TCGA-AA-3854-01A-01W-0900-09",6.32512477744337e-22,0.000298973268171921
"TCGA-AA-3855-01A-01W-0995-10",0,0.000641122394105145
"TCGA-AA-3856-01A-01W-0900-09",2.2618749659306e-24,0.00187899695816497
"TCGA-AA-3858-01A-01W-0900-09",0.00259937631831952,0.0016734476461682
"TCGA-AA-3861-01A-01W-0995-10",0.00821008581328915,0.00358003145912778
"TCGA-AA-3862-01A-01W-0995-10",2.08287083518277e-22,0.000305575206947981
"TCGA-AA-3864-01A-01D-1981-10",0.000354150963228184,0.000278067891605064
"TCGA-AA-3866-01A-01W-0995-10",2.46519032881566e-32,0.000625545187048629
"TCGA-AA-3875-01A-01W-0900-09",4.40560326638469e-27,0.00370338261388875
"TCGA-AA-3877-01A-01W-0995-10",0,0.000548826671135867
"TCGA-AA-3947-01A-01D-1981-10",0,0.000121069214848432
"TCGA-AA-3949-01A-01W-0995-10",9.97199152371089e-23,0.000152266558671977
"TCGA-AA-3950-01A-02W-0995-10",0,0.00100548189173971
"TCGA-AA-3952-01A-01W-0995-10",0.0116350809774947,0.000875113134285436
"TCGA-AA-3955-01A-02W-0995-10",0.0171832620466463,0.0286789102561718
"TCGA-AA-3966-01A-01W-1073-09",0,0.000247571750819084
"TCGA-AA-3968-01A-01W-0995-10",0,0.00167085005532505
"TCGA-AA-3971-01A-01W-0995-10",0,0.00140416140604948
"TCGA-AA-3973-01A-01W-0995-10",1.23846473457116e-22,0.00085118047919624
"TCGA-AA-3975-01A-01W-0995-10",0,0.00107493419705472
"TCGA-AA-3976-01A-01W-0995-10",0,0.019436839272645
"TCGA-AA-3979-01A-01W-0995-10",0,0.000603840172393542
"TCGA-AA-3980-01A-02W-0995-10",0.00606732241786211,0.0673679968244582
"TCGA-AA-3982-01A-02W-0995-10",1.19741686297852e-24,0.00070392908220452
"TCGA-AA-3984-01A-02D-1981-10",1.28195451717844e-05,6.4964882684474e-05
"TCGA-AA-3986-01A-02W-0995-10",0,0.000520909854566133
"TCGA-AA-3989-01A-01W-0995-10",4.37386675941492e-22,0.000163550270887044
"TCGA-AA-A004-01A-01W-A00E-09",0.0269329985354969,0.0923872476708041
"TCGA-AA-A010-01A-01D-A17O-10",0.000263092754443491,0.00236365114985327
"TCGA-AA-A017-01A-01W-A00E-09",0,0.00544962920184212
"TCGA-AA-A01C-01A-01W-A00E-09",0.0211082490052776,0.00169789221190788
"TCGA-AA-A01I-01A-02W-A00E-09",0,0.00121546122466623
"TCGA-AA-A01P-01A-21D-A17O-10",6.06378390074391e-23,0.000288503823028655
"TCGA-AA-A01R-01A-21D-A17O-10",0.0093592241653726,5.26572768261093e-05
"TCGA-AA-A01Z-01A-11W-A096-10",0,0.0113382354354221
"TCGA-AA-A022-01A-21D-A17O-10",0,0.00187249070153405
"TCGA-AA-A024-01A-02W-A00E-09",0,0.00192860481172236
"TCGA-AA-A02E-01A-01W-A00E-09",2.235823649959e-22,0.000848284588932469
"TCGA-AA-A02K-01A-21W-A096-10",0.00856185370660965,0.0376400171727283
"TCGA-AA-A02R-01A-01W-A00E-09",1.72364892296857e-22,0.00077825529132877
"TCGA-AA-A02W-01A-01W-A00E-09",0,0.00624886111323422
"TCGA-AA-A03F-01A-11W-A096-10",1.25351310553469e-24,0.00244295450386924
"TCGA-AA-A03J-01A-21W-A096-10",0.00661987374160314,0.0714149149782597
"TCGA-AD-5900-01A-11D-1650-10",0,0.000137746874751367
"TCGA-AD-6548-01A-11D-1835-10",4.48217787735795e-23,0.00163162073805998
"TCGA-AD-6888-01A-11D-1924-10",0,8.18226927008591e-05
"TCGA-AD-6889-01A-11D-1924-10",5.52846954287975e-25,0.000186712857624
"TCGA-AD-6890-01A-11D-1924-10",6.16297582203916e-33,0.00247448503317346
"TCGA-AD-6895-01A-11D-1924-10",0,0.000107223158632129
"TCGA-AD-6899-01A-11D-1924-10",0,0.00408715736804156
"TCGA-AD-6901-01A-11D-1924-10",1.04774163110321e-23,0.00860033465240497
"TCGA-AD-6963-01A-11D-1924-10",0.000107783634346535,0.0528570634991464
"TCGA-AD-6965-01A-11D-1924-10",0,0.00165879250249271
"TCGA-AD-A5EJ-01A-11D-A28G-10",1.13951408804008e-22,6.6506762944127e-05
"TCGA-AM-5820-01A-01D-1650-10",0,0.00078725198986137
"TCGA-AM-5821-01A-01D-1650-10",0,5.73998157500139e-05
"TCGA-AU-3779-01A-01D-1719-10",1.54074395550979e-33,0.00140510629727272
"TCGA-AU-6004-01A-11D-1719-10",0,9.54773302854446e-05
"TCGA-AY-5543-01A-01D-1650-10",6.17610624232472e-25,0.000436293649393766
"TCGA-AY-6196-01A-11D-1719-10",0,0.00322826670590566
"TCGA-AY-6197-01A-11D-1719-10",2.60899309799658e-31,0.00088076776594467
"TCGA-AY-6386-01A-21D-1719-10",3.26684414254128e-22,0.00212479190132365
"TCGA-AY-A69D-01A-11D-A36X-10",4.1086505480261e-33,0.00434009105323118
"TCGA-AY-A71X-01A-12D-A36X-10",4.06571514979923e-29,0.00352431607793763
"TCGA-AY-A8YK-01A-11D-A40P-10",0,0.00112294444972457
"TCGA-AZ-4315-01A-01D-1408-10",0.00347909211599956,0.00239542698369029
"TCGA-AZ-4614-01A-01D-1408-10",0.0035309539416997,0.0431121581759298
"TCGA-AZ-4615-01A-01D-1408-10",2.84504701860116e-23,0.000595711156428592
"TCGA-AZ-4616-01A-21D-1835-10",0,0.0114179066881144
"TCGA-AZ-4681-01A-01D-1408-10",0,0.00259409177018636
"TCGA-AZ-4682-01B-01D-1408-10",0.00326866490043932,0.0096937304358384
"TCGA-AZ-5407-01A-01D-1719-10",0.0011737578954078,0.00145804050959889
"TCGA-AZ-6598-01A-11D-1771-10",0,0.000106738869157411
"TCGA-AZ-6599-01A-11D-1771-10",0.0026336760940233,0.000198191978049997
"TCGA-AZ-6600-01A-11D-1771-10",0.00653917490564901,0.00322734657809004
"TCGA-AZ-6603-01A-11D-1835-10",0,0.00442264543499336
"TCGA-AZ-6605-01A-11D-1835-10",3.41457297204747e-23,0.00337696441060655
"TCGA-AZ-6606-01A-11D-1835-10",0,0.00472028264464831
"TCGA-CA-5254-01A-21D-1835-10",0.00125988616963708,0.00706747695414591
"TCGA-CA-5255-01A-11D-1835-10",0,7.46044562192063e-05
"TCGA-CA-5256-01A-01D-1408-10",0,0.00166184762154332
"TCGA-CA-5796-01A-01D-1650-10",0,0.00262774529100548
"TCGA-CA-6716-01A-11D-1835-10",0,0.000565490065121486
"TCGA-CA-6719-01A-11D-1835-10",1.54074395550979e-33,0.00530736446373754
"TCGA-CK-4947-01B-11D-1650-10",0.0112270759290561,9.35292836913231e-05
"TCGA-CK-4948-01B-11D-1650-10",1.09010532894631e-22,0.000592127463641788
"TCGA-CK-4950-01A-01D-1719-10",0.0168662587219041,5.39748209897466e-05
"TCGA-CK-4951-01A-01D-1408-10",0,0.00789532118725758
"TCGA-CK-4952-01A-01D-1719-10",0,0.000127995813550021
"TCGA-CK-5912-01A-11D-1650-10",0,0.00184971153009044
"TCGA-CK-5913-01A-11D-1650-10",0,3.79461581910944e-05
"TCGA-CK-5914-01A-11D-1650-10",7.12638264047972e-22,0.000520381799001393
"TCGA-CK-5915-01A-11D-1650-10",2.54791487475412e-24,0.000509160958480928
"TCGA-CK-5916-01A-11D-1650-10",0,0.000562512707109642
"TCGA-CK-6746-01A-11D-1835-10",2.64006476776602e-30,0.00130619254367091
"TCGA-CK-6747-01A-11D-1835-10",0.0066764340381754,0.00230664674748425
"TCGA-CK-6748-01A-11D-1835-10",0,0.000350461016367875
"TCGA-CK-6751-01A-11D-1835-10",0,0.00109753844673559
"TCGA-CM-4743-01A-01D-1719-10",1.95720296792397e-23,0.000404024252700664
"TCGA-CM-4744-01A-01D-1408-10",3.6053522244315e-05,0.0203484946988532
"TCGA-CM-4746-01A-01D-1408-10",1.92256598675104e-29,6.12262670359496e-05
"TCGA-CM-4747-01A-01D-1408-10",0.000254702026693108,0.00419462871464921
"TCGA-CM-4748-01A-01D-1408-10",0.0182226000518947,0.0307223133239393
"TCGA-CM-4750-01A-01D-1408-10",0,0.00113200417382921
"TCGA-CM-4751-01A-02D-1835-10",2.23134701186351e-25,0.0180530659981275
"TCGA-CM-4752-01A-01D-1408-10",2.35647874168979e-22,0.000590866408484258
"TCGA-CM-5341-01A-01D-1408-10",8.76286783070395e-22,6.5972038229555e-05
"TCGA-CM-5344-01A-21D-1719-10",1.06165684709243e-24,0.000182442889463627
"TCGA-CM-5348-01A-21D-1719-10",0.00558215252069704,0.00110261312015267
"TCGA-CM-5349-01A-21D-1719-10",5.85666096876075e-23,0.00148938119544768
"TCGA-CM-5860-01A-01D-1650-10",2.38758736985971e-26,0.000231344410344667
"TCGA-CM-5861-01A-01D-1650-10",1.80268069957282e-28,0.000438076206100511
"TCGA-CM-5862-01A-01D-1650-10",0.000211920818482455,0.00896286150597306
"TCGA-CM-5863-01A-21D-1835-10",5.82792117716838e-23,0.0018524988602932
"TCGA-CM-5864-01A-01D-1650-10",0,0.000506587365638751
"TCGA-CM-5868-01A-01D-1650-10",1.78000283030967e-24,0.00290486163789373
"TCGA-CM-6161-01A-11D-1650-10",6.16297582203916e-33,0.000443302089831862
"TCGA-CM-6162-01A-11D-1650-10",0,8.32325052685688e-05
"TCGA-CM-6163-01A-11D-1650-10",3.29624459415627e-22,0.00150127509015809
"TCGA-CM-6167-01A-11D-1650-10",0,0.000156086488817273
"TCGA-CM-6168-01A-11D-1650-10",0,0.000584685368352271
"TCGA-CM-6169-01A-11D-1650-10",0,0.000755019036369562
"TCGA-CM-6171-01A-11D-1650-10",0,0.0015451241903266
"TCGA-CM-6172-01A-11D-1650-10",6.91220222373179e-22,0.00179011092017555
"TCGA-CM-6674-01A-11D-1835-10",0,0.000372334205257212
"TCGA-CM-6676-01A-11D-1835-10",0,0.00292364129804256
"TCGA-CM-6677-01A-11D-1835-10",0.0232540237799545,0.0133995626785709
"TCGA-CM-6678-01A-11D-1835-10",9.44728988787477e-22,8.1391884587057e-06
"TCGA-CM-6680-01A-11D-1835-10",0,0.00101895096000377
"TCGA-D5-5537-01A-21D-1924-10",0,0.000718461644180186
"TCGA-D5-5538-01A-01D-1650-10",7.73370677795399e-23,0.00142373852353461
"TCGA-D5-5539-01A-01D-1650-10",3.9515306152564e-28,0.000168708681501805
"TCGA-D5-5540-01A-01D-1650-10",0,0.00014137323062066
"TCGA-D5-5541-01A-01D-1650-10",0,0.00241133161250716
"TCGA-D5-6529-01A-11D-1771-10",0,0.000866446194767319
"TCGA-D5-6530-01A-11D-1719-10",6.16306181301364e-23,0.000149199245583798
"TCGA-D5-6531-01A-11D-1719-10",0.0103121825974533,0.00426265406807623
"TCGA-D5-6532-01A-11D-1719-10",0,0.00236986944415981
"TCGA-D5-6533-01A-11D-1719-10",0.00573687099818728,0.00484708654221803
"TCGA-D5-6534-01A-21D-1924-10",0,0.0003759693844166
"TCGA-D5-6535-01A-11D-1719-10",0,0.00015575511530639
"TCGA-D5-6536-01A-11D-1719-10",0.0139683151678007,0.00181501845303598
"TCGA-D5-6537-01A-11D-1719-10",0,0.00110039814798077
"TCGA-D5-6538-01A-11D-1719-10",0,5.06966835746451e-06
"TCGA-D5-6539-01A-11D-1719-10",0.00626174306650704,0.000878175992798
"TCGA-D5-6540-01A-11D-1719-10",2.26834283527917e-23,0.000435197648097947
"TCGA-D5-6541-01A-11D-1719-10",0,0.0033457416407466
"TCGA-D5-6898-01A-11D-1924-10",0,0.00288247312721805
"TCGA-D5-6920-01A-11D-1924-10",0.0145676060954514,0.0017780627492298
"TCGA-D5-6922-01A-11D-1924-10",0,0.000406561134237161
"TCGA-D5-6924-01A-11D-1924-10",0,5.65239188894424e-05
"TCGA-D5-6926-01A-11D-1924-10",0.00825094062965463,0.0418971100526123
"TCGA-D5-6927-01A-21D-1924-10",3.96255516211102e-25,0.000588534089407217
"TCGA-D5-6928-01A-11D-1924-10",6.97996679749294e-23,0.000250894611307233
"TCGA-D5-6929-01A-31D-1924-10",0.0143470970044362,0.011916617524763
"TCGA-D5-6930-01A-11D-1924-10",1.67581673970814e-23,0.000464829043433973
"TCGA-D5-6931-01A-11D-1924-10",0,0.000160873818580375
"TCGA-D5-6932-01A-11D-1924-10",4.66217086494374e-24,0.00336901903236627
"TCGA-D5-7000-01A-11D-1924-10",0,0.000317474396775369
"TCGA-DM-A0X9-01A-11D-A152-10",0,0.0124500471459612
"TCGA-DM-A0XD-01A-12D-A152-10",6.39487413463675e-23,0.00108770898352
"TCGA-DM-A1D0-01A-11D-A152-10",0,0.000459974288287287
"TCGA-DM-A1D4-01A-21D-A152-10",0.0171241025215183,0.000854326679003064
"TCGA-DM-A1D6-01A-21D-A152-10",3.95971196566016e-31,0.000249622766239087
"TCGA-DM-A1D7-01A-11D-A152-10",2.3159754412411e-24,0.00103245243650004
"TCGA-DM-A1D8-01A-11D-A152-10",2.64724433193496e-22,0.00471190753956984
"TCGA-DM-A1D9-01A-11D-A152-10",7.55622510050485e-23,0.0428529240468784
"TCGA-DM-A1DA-01A-11D-A152-10",0.000578313193652778,0.000432582868076385
"TCGA-DM-A1DB-01A-11D-A152-10",0,0.000680654907069211
"TCGA-DM-A1HA-01A-11D-A152-10",0,0.000371496418141166
"TCGA-DM-A1HB-01A-21D-A183-10",1.02716263700653e-33,0.000144103552990336
"TCGA-DM-A280-01A-12D-A16V-10",0.000297623572621192,0.0280627868805432
"TCGA-DM-A282-01A-12D-A16V-10",0,0.00131898156541225
"TCGA-DM-A285-01A-11D-A16V-10",0,0.00192986103051463
"TCGA-DM-A288-01A-11D-A16V-10",0,5.6042167932032e-05
"TCGA-DM-A28A-01A-21D-A16V-10",0,0.0220982956695296
"TCGA-DM-A28C-01A-11D-A16V-10",1.2185738696353e-23,0.0266593882114816
"TCGA-DM-A28E-01A-11D-A16V-10",0,0.000566786151605412
"TCGA-DM-A28F-01A-11D-A16V-10",0,0.00082968575340852
"TCGA-DM-A28G-01A-11D-A16V-10",3.00700605225522e-22,0.00414260610137934
"TCGA-DM-A28H-01A-11D-A16V-10",0,0.000705793397740027
"TCGA-DM-A28K-01A-21D-A16V-10",0,0.000997015348440017
"TCGA-DM-A28M-01A-12D-A16V-10",6.16297582203916e-33,0.00416307842647078
"TCGA-F4-6459-01A-11D-1771-10",0,0.000416378419637969
"TCGA-F4-6460-01A-11D-1771-10",1.99265281150603e-26,0.00325174673854821
"TCGA-F4-6461-01A-11D-1771-10",0,0.000541245253844374
"TCGA-F4-6463-01A-11D-1719-10",0,0.0123803664903197
"TCGA-F4-6569-01A-11D-1771-10",0,0.000772601993966197
"TCGA-F4-6570-01A-11D-1771-10",1.9642071462576e-23,0.00205353271733644
"TCGA-F4-6703-01A-11D-1835-10",1.55911925310919e-28,0.000815916692375692
"TCGA-F4-6805-01A-11D-1835-10",0,0.0142810164171462
"TCGA-F4-6806-01A-11D-1835-10",0.0132065431562773,0.0439826598669617
"TCGA-F4-6808-01A-11D-1835-10",0.0122266865590108,0.00306622185906808
"TCGA-F4-6854-01A-11D-1924-10",0,0.00283337558044652
"TCGA-F4-6855-01A-11D-1924-10",0,0.000791233559026854
"TCGA-F4-6856-01A-11D-1924-10",1.08147182437187e-22,0.00127797772866443
"TCGA-G4-6293-01A-11D-1719-10",0,0.00107548316649201
"TCGA-G4-6294-01A-11D-1806-10",1.5269083077819e-23,9.18654374971794e-05
"TCGA-G4-6295-01A-11D-1719-10",0.00301948119396888,0.0358851542841382
"TCGA-G4-6297-01A-11D-1719-10",0.0303703167130039,0.000251724122380146
"TCGA-G4-6298-01A-11D-1719-10",0,0.00169132738053692
"TCGA-G4-6299-01A-11D-1771-10",0,0.000487253426219008
"TCGA-G4-6302-01A-11D-1719-10",0,0.000361564722835216
"TCGA-G4-6303-01A-11D-1771-10",0.000917651342191522,0.0079090159643916
"TCGA-G4-6304-01A-11D-1924-10",0,0.00219942790033327
"TCGA-G4-6306-01A-11D-1771-10",0.00584481275995621,0.00119760331062719
"TCGA-G4-6309-01A-21D-1835-10",0,0.000324275817333008
"TCGA-G4-6311-01A-11D-1719-10",0,0.00174930176778821
"TCGA-G4-6315-01A-11D-1719-10",0,0.00501341474508696
"TCGA-G4-6317-01A-11D-1719-10",0,0.00160633379761785
"TCGA-G4-6317-02A-11D-2067-10",0,5.92445376036023e-05
"TCGA-G4-6320-01A-11D-1719-10",0,0.000347930249051274
"TCGA-G4-6321-01A-11D-1719-10",8.61808473973635e-22,0.00261565232463999
"TCGA-G4-6322-01A-11D-1719-10",0,0.000499245917124032
"TCGA-G4-6323-01A-11D-1719-10",0,0.000333640646791725
"TCGA-G4-6586-01A-11D-1771-10",0,0.000102709614426753
"TCGA-G4-6588-01A-11D-1771-10",0,0.000204919579308738
"TCGA-G4-6626-01A-11D-1771-10",3.98035489269616e-22,0.000564811121836194
"TCGA-G4-6627-01A-11D-2188-10",0,0.0028235916975467
"TCGA-G4-6628-01A-11D-1835-10",0.00464316301530961,0.000885956515397409
"TCGA-NH-A50U-01A-33D-A36X-10",8.11602286004336e-28,0.00661916804133292
"TCGA-NH-A5IV-01A-42D-A36X-10",0,0.000436505099946808
"TCGA-NH-A6GA-01A-11D-A36X-10",0.000248227114187834,0.0158783593942963
"TCGA-NH-A6GB-01A-11D-A36X-10",0.0134901573816748,0.00329427006875038
"TCGA-NH-A6GC-01A-12D-A40P-10",3.48638239641563e-22,0.000501747945080901
"TCGA-NH-A8F7-01A-11D-A40P-10",0,0.000188687197663287
"TCGA-NH-A8F7-06A-31D-A40P-10",0.0314027104273423,0.00556510107419206
"TCGA-NH-A8F8-01A-72D-A40P-10",4.82067994478969e-27,0.00654070522996022
"TCGA-QG-A5Z1-01A-11D-A28G-10",0.00095846020994749,0.0105622399536614
"TCGA-QG-A5Z2-01A-11D-A28G-10",4.27613719165483e-22,0.000691195545827006
"TCGA-QL-A97D-01A-12D-A40P-10",2.11378548499062e-26,0.000246704599115068
"TCGA-RU-A8FL-01A-11D-A36X-10",0,0.00573712059305682
"TCGA-SS-A7HO-01A-21D-A36X-10",2.20137331300919e-23,0.000833613265324255
"TCGA-T9-A92H-01A-11D-A36X-10",0,9.14809024354431e-05
"TCGA-WS-AB45-01A-11D-A40P-10",0.00992226978136245,7.73113837368888e-05
"TCGA-AF-2687-01A-02D-1733-10",0,0.000344885338093545
"TCGA-AF-2690-01A-02D-1733-10",0,0.00345964186251652
"TCGA-AF-2693-01A-02D-1733-10",0,0.00338195259233332
"TCGA-AF-3911-01A-01D-1733-10",3.75996193821418e-24,0.00036388733867457
"TCGA-AF-3914-01A-01W-1073-09",1.01108673425915e-25,0.00220446150392798
"TCGA-AF-5654-01A-01D-1657-10",0,0.00172255585687561
"TCGA-AF-6136-01A-11D-1826-10",0.00449508507877241,0.0010318119329169
"TCGA-AF-6655-01A-11D-1826-10",0,0.000321115275019467
"TCGA-AF-A56K-01A-32D-A38X-10",0.0168028951276899,0.00273491064608371
"TCGA-AF-A56L-01A-31D-A38X-10",1.6840331433722e-30,9.21100482819709e-05
"TCGA-AF-A56N-01A-12D-A38X-10",0.000231403845372623,0.0203622099911602
"TCGA-AG-3591-01A-01D-1733-10",7.63492413089541e-23,0.00182631745886668
"TCGA-AG-3592-01A-02D-1733-10",0.00406782731665893,0.000113416918819593
"TCGA-AG-3725-01A-11D-1733-10",0,0.000742931554127919
"TCGA-AG-3726-01A-02W-0899-10",0.00611298049171353,0.0217543359098464
"TCGA-AG-3731-01A-11D-1733-10",6.38359754261426e-26,0.00518854452587263
"TCGA-AG-3732-01A-11D-1657-10",1.08961412533652e-29,0.00596590329646377
"TCGA-AG-3742-01A-11D-1657-10",1.52674937816189e-27,0.00683007114576682
"TCGA-AG-3878-01A-02W-0899-10",0,0.00295542566751012
"TCGA-AG-3881-01A-01W-0899-10",0,0.0018980558514944
"TCGA-AG-3882-01A-01W-0899-10",0,0.00471365947644493
"TCGA-AG-3883-01A-02W-0899-10",0.00463249308724248,0.0041568853715957
"TCGA-AG-3891-01A-01W-1073-09",0,0.000250898440206234
"TCGA-AG-3892-01A-01W-1073-09",0.000585794800732421,2.1887919779405e-05
"TCGA-AG-3893-01A-01W-1073-09",0,0.00082882625592717
"TCGA-AG-3894-01A-01W-1073-09",0,3.34471603156016e-05
"TCGA-AG-3898-01A-01W-1073-09",1.35148157700806e-23,0.00202417986921437
"TCGA-AG-3902-01A-01W-1073-09",0,0.00305087767263333
"TCGA-AG-3909-01A-01W-1073-09",1.05234500237374e-22,0.0124070607719205
"TCGA-AG-4001-01A-02W-1073-09",0.0200781205814806,0.00358003029944406
"TCGA-AG-4021-01A-01D-1733-10",0,0.000439011318811874
"TCGA-AG-4022-01A-01D-1733-10",0,0.00834270831080483
"TCGA-AG-A002-01A-01W-A00K-09",0.00223386715391206,0.00069763849705109
"TCGA-AG-A008-01A-01W-A00K-09",0.0140835944341303,0.002748540429929
"TCGA-AG-A00C-01A-01W-A00K-09",0,0.000626368772694569
"TCGA-AG-A00Y-01A-02W-A00K-09",0.000156238301625084,0.00305958352784818
"TCGA-AG-A011-01A-01W-A00K-09",0,0.001410896498866
"TCGA-AG-A016-01A-01W-A00K-09",0.0175252240071182,0.00164778857332654
"TCGA-AG-A01J-01A-01W-A00E-09",0.00640362858278699,0.000644819787573189
"TCGA-AG-A01L-01A-01W-A00K-09",1.39899496926102e-24,0.00211267571724741
"TCGA-AG-A01N-01A-01W-A00E-09",1.90699163326743e-30,0.0014897218600129
"TCGA-AG-A01W-01A-21W-A096-10",0.00465846281889214,0.00824962637003545
"TCGA-AG-A01Y-01A-41W-A096-10",0,0.00883508254281517
"TCGA-AG-A026-01A-32W-A096-10",0,0.000949206770581749
"TCGA-AG-A02N-01A-11W-A096-10",0.00583005053386877,0.000584385874285533
"TCGA-AG-A02X-01A-01W-A00E-09",1.54074395550979e-33,0.000565182473116119
"TCGA-AG-A036-01A-12W-A096-10",7.88730764982807e-25,0.00399287875584879
"TCGA-AH-6544-01A-11D-1826-10",0,0.05032240127724
"TCGA-AH-6549-01A-11D-1826-10",1.3943729119627e-22,0.0178013194970497
"TCGA-AH-6643-01A-11D-1826-10",0,0.00079998759790964
"TCGA-AH-6644-01A-21D-1826-10",0.0220681709936724,0.0337657711876368
"TCGA-AH-6897-01A-11D-1924-10",0.00146863244517848,0.00326185910205717
"TCGA-AH-6903-01A-11D-1924-10",0,7.13609380433088e-05
"TCGA-CI-6619-01B-11D-1826-10",0.000219272564995443,0.0158741756135455
"TCGA-CI-6620-01A-11D-1826-10",0,0.00419724609196857
"TCGA-CI-6621-01A-11D-1826-10",7.51883050288777e-31,0.000441522066360001
"TCGA-CI-6622-01A-11D-1826-10",0,0.0348435337749505
"TCGA-CI-6623-01B-11D-1826-10",4.94084889915928e-23,0.00197406678038952
"TCGA-CI-6624-01C-11D-1826-10",0,0.00452677950540111
"TCGA-CL-4957-01A-01D-1733-10",0,0.00517108981448656
"TCGA-CL-5917-01A-11D-1657-10",0,0.00493741986335231
"TCGA-CL-5918-01A-11D-1657-10",0,0.00185307490072772
"TCGA-DC-4745-01A-01D-1733-10",0,0.000746365819469711
"TCGA-DC-4749-01A-01D-1733-10",1.9165741670957e-22,0.00226739561754686
"TCGA-DC-5337-01A-01D-1657-10",0,0.000936165405126679
"TCGA-DC-5869-01A-01D-1657-10",3.47982720251063e-22,0.00213658947686298
"TCGA-DC-6154-01A-31D-1924-10",0,0.0423189266547285
"TCGA-DC-6155-01A-11D-1657-10",0,0.0066290237779636
"TCGA-DC-6157-01A-11D-1657-10",0.00986338502855339,0.0131995624938075
"TCGA-DC-6158-01A-11D-1657-10",3.70502887298869e-24,0.00164868616852581
"TCGA-DC-6160-01A-11D-1657-10",0,0.0113711439079972
"TCGA-DC-6681-01A-11D-1826-10",0,0.00277013461678819
"TCGA-DC-6682-01A-11D-1826-10",0.0291863768428416,0.0353449985322159
"TCGA-DT-5265-01A-21D-1826-10",0,0.00127923856810482
"TCGA-DY-A1DD-01A-21D-A152-10",0,0.00203244811272928
"TCGA-DY-A1DF-01A-11D-A152-10",1.40091173242662e-22,0.000867046187217036
"TCGA-DY-A1DG-01A-11D-A152-10",0,0.00030619339277966
"TCGA-DY-A1H8-01A-21D-A152-10",0,0.00139897018373479
"TCGA-EF-5830-01A-01D-1657-10",0,0.00213337108454226
"TCGA-EI-6506-01A-11D-1733-10",8.83890094314648e-25,0.00607568073068943
"TCGA-EI-6507-01A-11D-1733-10",1.48858081307413e-23,0.000663031529962874
"TCGA-EI-6509-01A-11D-1733-10",0,0.00261484160637503
"TCGA-EI-6510-01A-11D-1733-10",0,0.000371004301625553
"TCGA-EI-6512-01A-11D-1733-10",0,0.00138740658472929
"TCGA-EI-6513-01A-21D-1733-10",6.86060125551423e-24,0.000863518745055282
"TCGA-EI-6514-01A-11D-1733-10",3.75804025172516e-22,0.00011044901088858
"TCGA-EI-6881-01A-11D-1924-10",4.0597142794698e-22,0.00111049298147014
"TCGA-EI-6882-01A-11D-1924-10",0,0.000623060206405002
"TCGA-EI-6883-01A-31D-1924-10",0.00548024699782637,0.00915085096586834
"TCGA-EI-6884-01A-11D-1924-10",1.30963236218332e-31,0.000240889553010389
"TCGA-EI-6885-01A-11D-1924-10",0,0.00128481780409111
"TCGA-EI-6917-01A-11D-1924-10",0.00113104000664859,1.67071424232912e-05
"TCGA-EI-7002-01A-11D-1924-10",1.48411269129698e-05,0.00436552652506538
"TCGA-EI-7004-01A-11D-1924-10",0.00196870967921352,0.000295547211593735
"TCGA-F5-6464-01A-11D-1733-10",6.67000576884826e-28,0.00341197076819904
"TCGA-F5-6465-01A-11D-1733-10",0,0.000452289586041252
"TCGA-F5-6571-01A-12D-1826-10",0,0.00417645799833558
"TCGA-F5-6702-01A-11D-1826-10",1.02166423541063e-26,0.00531428069203636
"TCGA-F5-6810-01A-11D-1826-10",0,0.000708233433498476
"TCGA-F5-6811-01A-11D-1826-10",0,0.000630738441678569
"TCGA-F5-6813-01A-11D-1826-10",0.0114674408307012,0.000430866632713339
"TCGA-F5-6861-01A-11D-1924-10",0.00441962451125995,0.00671050535175139
"TCGA-F5-6863-01A-11D-1924-10",0,0.00949660942571465
"TCGA-F5-6864-01A-11D-1924-10",0,0.00301820533421368
"TCGA-G5-6641-01A-11D-1826-10",5.57575053753175e-25,0.000291430144323089
"587358",0,0.000309252883143943
"C10",0,0.00024207292091008
"C14",0,0.00298877703315797
"C18",5.89191684659687e-27,0.00139598108232404
"C20",0,0.0086760600832839
"C22",0,0.00306393726817567
"C23",5.97808654737798e-30,0.00775709962169531
"C24",0,0.000900458761520034
"C27",1.3528257400102e-24,0.00563585922203685
"C31",0,0.00391226236991013
"C40",0,0.00722371812517078
"C46",8.16594296420188e-32,0.000660210986437384
"C5",0,0.00327601514555275
"C6",0,0.000971686886494946
"C7",8.61902999729263e-22,0.00325612250108562
"CRC-02T",0,0.000152520744716874
"CRC-03T",6.81488513286809e-27,0.000724009285573405
"CRC-06T",0,0.00139432133663196
"CRC-09T",0,0.00405958553787073
"CRC-11T",4.23226957138984e-29,0.00134666471199058
"CRC-14T",3.25667595256323e-22,0.000609323108349513
"CRC-16T",0,0.000566488234197298
"CRC-19T",0.00344727546887152,0.000145216878179544
"CRC-21T",1.60550604619173e-27,0.00452210499531907
"CRC-23T",8.85871040974928e-05,0.00290093404747144
"CRC-34T",4.28582968314325e-28,0.00117089556577118
"CRC-35T",0,0.00201924255018879
"CRC-37T",0,0.00441777629494388
"sysucc-1028T",1.59693753764683e-25,0.00226626622924219
"sysucc-1030T",0,6.43525761087083e-05
"sysucc-1067T",0,0.000406996451682813
"sysucc-1072T",0,2.23017990045357e-05
"sysucc-1116T",1.08815041857879e-32,7.67137916763014e-05
"sysucc-1128T",2.25523871212254e-23,0.00026157653918383
"sysucc-1135T",0,0.000612444929887948
"sysucc-1150T",0,0.0780839017559498
"sysucc-1163T",0,0.000107163005325123
"sysucc-1171T",7.44552806846044e-27,7.58378353928486e-05
"sysucc-1173T",7.0965606593221e-23,1.11113094621476e-05
"sysucc-1315T",0,0.000367311544666952
"sysucc-1317T",0,0.00801641691455879
"sysucc-1339T",0,0.000836767330108853
"sysucc-1364T",0.000520214131089035,0.00031806096230644
"sysucc-1370T",0,0.0196990189248369
"sysucc-1397T",0,0.00835772692089009
"sysucc-1421T",1.58118848434192e-30,0.000260885337373062
"sysucc-1450T",0,0.000159102630629597
"sysucc-1465T",1.35970654073739e-31,0.00055849018166454
"sysucc-1484T",0,0.000284075118965213
"sysucc-1512T",8.78082306196673e-27,0.000728255637754404
"sysucc-1925T",0,0.000149547542850707
"sysucc-1972T",0,8.17135076527926e-06
"sysucc-2026T",6.16297582203916e-33,8.31385917047149e-05
"sysucc-274T",0,6.38340161939204e-06
"sysucc-311T",0,0.00202222752701287
"sysucc-325T",1.86631895864569e-24,0.000391292484554404
"sysucc-627T",1.54074395550979e-33,2.32387207418399e-05
"sysucc-657T",0,0.000167294996928539
"sysucc-679T",0,0.000518502243375853
"sysucc-707T",0,6.64452088524279e-05
"sysucc-715T",0,0.000211095463640253
"sysucc-731T",1.15652093160453e-31,0.00038964400488822
"sysucc-743T",3.94946567669604e-24,9.69900634964678e-05
"sysucc-771T",1.45400007081459e-29,0.000544986971009303
"sysucc-773T",0,9.86867679312565e-06
"sysucc-774T",6.49616170241815e-30,6.82449638854093e-05
"sysucc-783T",0,0.00810840798046903
"sysucc-809T",0,0.000160893811926003
"sysucc-810T",0,0.000423290067829604
"sysucc-823T",0,5.8297131624417e-05
"sysucc-825T",0,0.00011723131680474
"sysucc-826T",8.25985312979623e-23,0.000960800428280092
"sysucc-834T",0,0.000214342734660643
"sysucc-867T",8.99338910768227e-23,0.000377092881419015
"sysucc-875T",0,0.00183713529612769
"sysucc-880T",0,0.0124679321937945
"sysucc-882T",1.59985646092772e-05,0.000119006502933015
"sysucc-918T",0,2.41473158309306e-05
"sysucc-919T",0.00184828658360479,0.000532577605640291
"sysucc-923T",6.09004609004058e-23,8.58890598852318e-05
"sysucc-936T",4.96872062651673e-27,4.81770089919241e-05
"sysucc-966T",3.00237312247956e-23,0.000278067946887935
"1910786",0,0.000528946048335262
"250LT",0,0.00194497205868187
"262LT",6.03269744111644e-23,0.00010210165259951
"413LT",0,0.00205695941417806
"526LT",0,0.00434735580040788
"587220",6.79309798617454e-27,0.000212603458857905
"587222",0.00345974026602555,8.46409747516663e-05
"587224",1.37750404652293e-22,0.000602133779397071
"587226",1.02716263700653e-33,0.000124934696004716
"587228",0.00139638803363066,6.41455797033735e-05
"587234",0,0.00141425014728077
"587238",2.73225261443736e-31,0.000388117541625533
"587256",5.94520680173721e-26,0.000213002876889401
"587260",4.3099561619277e-25,0.00130503926635372
"587270",0,0.0027795728988604
"587278",0.00607516648814533,0.00020440469182814
"587282",0,0.00179642158661681
"587284",0.00047745195511053,0.000380532704979716
"587288",0,0.00459872192463754
"587290",0,0.00167599026284794
"587298",0,0.00017398330118054
"587300",1.14986270117166e-22,0.00140819782865651
"587302",0,0.00711668669979847
"587316",6.49563958612796e-22,0.000499456388543276
"587318",0,0.00754952852941005
"587322",0,0.00615084512476781
"587332",0,0.000629149706427118
"587334",1.33849307136132e-23,0.0167057285474303
"587336",1.00019731796796e-24,0.00180382345911017
"587338",0.00044929121773675,0.000319389617333632
"587340",0,0.0033938616754007
"587342",0,0.00058160432549608
"587346",0,0.00063000550533156
"587350",1.16449820276767e-24,0.00124404005765949
"587352",0,0.00205503657339744
"587354",5.51080010630869e-24,0.00524137688502833
"587356",0,0.000426819167678405
"587360",0,0.00526455175469315
"587362",1.94937839676142e-23,0.000470107508180867
"587364",1.54074395550979e-33,7.58873287877522e-05
"587374",1.06619481721277e-30,0.00413371206658125
"587376",0.00256763028591408,5.61479336448346e-06
"587378",0,0.00310303234533115
"587380",0,0.00101338742384215
"587386",0,0.00089161725168631
"587392",0,0.00130905076318363
"587398",0,0.00503556766717785
"721LT",5.54667823983524e-32,0.000185875544583356
"C106",0,0.000137473654313139
"C125",0,0.00338592947928904
"C135",0,0.000608059551539493
"C391",0,0.00179806197634798
"C467",0,0.000388861451018827
"C547",1.93395111173598e-22,0.0107325217519845
"C608",0,0.000492336822757708
"C658",0,0.00161385601525788
"C709",0,0.00698214397491101
"C80",0,8.74661986595402e-05
"C84",0,9.48323017169578e-05
"C91",4.1086505480261e-33,0.000890582060294834
"C99",0,8.79144019414089e-05
"CACO2",3.18799183694419e-30,0.000319155772448078
"CCK81",0,0.000205123199403417
"COLO678",0,0.00206612001326308
"CRC-1",0,0.0229230634556733
"CRC-3",9.97215841595985e-24,0.000457638600428725
"CRC-4",2.81661439229167e-22,0.000384218794558051
"CoCM-1",0,0.000731447209040418
"Gp2D",0,0.00761089764844195
"HCA46",0,0.00232543083623478
"HCA7",2.96347983295817e-24,0.00233064145838341
"HDC101",0,0.000366023130229647
"HDC54",0,0.000577509182457868
"HDC82",0,0.000683115048729303
"HDC90",0,0.00323888240982935
"HRA19",0,0.00307197250149604
"LIM1899",0,0.00116790747321638
"LIM2405",0,0.000195140428185423
"LIM2551",0,0.000470585908168354
"LOVO",0,0.000116435057506311
"LS174T",0,0.000131094440711689
"LS411",0,6.51965953639535e-05
"LS513",0,0.00389958110271009
"P100",0,0.0005035504623761
"P140",0,0.00405963322361317
"RW2982",0,0.0022512254979489
"RW7213",0,0.000603439813873087
"SKCO-1",0,0.000850804976368757
"SNU-C4",1.02716263700653e-33,0.000119857062214913
"SW1222",0,0.000476820051986001
"Single_Sample",0,0.000555191917612309
"T1154",0,6.67700461302039e-05
"T1182",1.54074395550979e-33,0.00108959817525087
"T1185",0,0.00125943532064055
"T1194",0,0.000109973505799948
"T1204",0,0.0014142345827222
"T1221",0,0.000351006972141907
"T1232",0,0.00160017458027762
"T1743",0,0.000507730211046404
"T1760",0,0.00461371513006345
"T1764",0,0.0058848459103127
"T1844",6.15427575450371e-28,0.00108579261371829
"T186",0,0.000617373473130067
"T20",5.98254854187314e-27,0.000348000562779072
"T204",3.91211581696787e-28,0.000123495358385227
"T207",5.6303618577995e-25,0.000228226493946562
"T2197",4.72019584735041e-23,0.00154189534989137
"T222",4.58382181613477e-24,0.000495556924375021
"T2225",0,0.000337222845576334
"T2258",3.86106202827107e-25,0.00869712549641773
"T2269",0,0.00105032511446443
"T2272",0,0.000296623739749052
"T2284",1.30678655381837e-23,0.00264190745487947
"T231",0,9.83077387144653e-05
"T2345",0,0.0037768878921866
"T2384",0,0.000869367078533371
"T2389",0,0.00285680205830111
"T2417",0,1.39767067937689e-07
"T2418",6.16297582203916e-33,0.00032850188460088
"T2458",1.54074395550979e-33,0.00516186803499767
"T256",0,0.00856175769403016
"T2568",0,0.000769386422651759
"T2578",1.54074395550979e-33,0.000531356345172247
"T2583",0,0.00104140566954519
"T2621",2.46519032881566e-32,0.000314325856756093
"T263",0,0.000670788365554384
"T2643",0,0.000316747325350245
"T2664",4.00593428432545e-31,0.00184045033334934
"T276",0,0.000821250336027055
"T2766",0,0.00653944177871428
"T2769",6.17838326159425e-31,0.00050476554782929
"T2926",0,0.00030615895301105
"T2931",0,0.00211320635832318
"T2932",2.08250086961538e-23,3.45598489686072e-05
"T2940",1.33222994019746e-29,0.000243601067477932
"T2941",0,0.00564534321257897
"T2944",0,0.00237028619910897
"T2948",0,0.00563583908432849
"T2949",9.16413275519594e-23,0.00111252411074493
"T2950",0,0.000750886046667329
"T2955",0,0.00655164628555394
"T2957",5.38201491204522e-22,0.00111203856561902
"T2959",0,0.00419900455042855
"T2963",8.37455317633556e-22,0.00151606193585846
"T2969",0,0.00540135138997363
"T2974",0,0.000336411430494789
"T2979",0,0.00062710219918229
"T298",0,0.00144460040405546
"T2987",0,0.00353963967197844
"T2991",0,0.000339238160629431
"T2999",0,0.00175252798208518
"T3011",2.46634160832122e-22,0.00340379138222959
"T3021",0,0.000586360954147383
"T3024",2.26329677518659e-22,6.85558330091534e-05
"T3033",3.8289260168707e-22,0.00444601377423115
"T3038",6.04329701434954e-22,0.000383980031805149
"T3048",2.32355132780378e-23,9.65200923648859e-06
"T3049",8.9241872558128e-25,0.0015635957142509
"T3058",4.13940250754941e-22,0.00209336228068343
"T3059",0,0.000306159345571754
"T3062",4.09091168157783e-23,0.0065502908936353
"T3064",1.56753548992896e-25,0.000175894251653949
"T3080",1.29714884379073e-25,3.27805199942244e-05
"T3082",0,0.00115468934167204
"T3088",0,0.00297745114293228
"T3090",1.40101020126176e-22,0.000139276295434484
"T3091",6.22846565744942e-27,0.00111586760025748
"T3092",2.07877174477381e-29,0.000392986283096431
"T3094",1.64997519955953e-24,1.97721133994723e-06
"T3099",0,0.000730942864269484
"T3101",2.40923050835155e-28,0.000305093471314979
"T3104",3.22467052993667e-23,0.00182598176382923
"T3105",0,0.0017599173812993
"T3109",6.89635077192107e-22,0.00410971511486035
"T3116",6.16112692929254e-29,0.00179772420592996
"T3118",4.46097350791356e-22,0.00280429760590182
"T3145",0,0.000405248857521366
"T3147",2.09326707931468e-25,0.00165580136975479
"T3149",0,0.000345461266964198
"T3151",0,0.00183718678963104
"T3152",2.79040645429412e-27,0.000403596737505202
"T3174",0,0.000192658673927054
"T3182",0,0.000714240083751286
"T3187",0,0.00159708520616462
"T3188",1.0008258536794e-22,0.00398498763199885
"T3190",0,0.0057104226719304
"T3202",1.84889274661175e-32,0.00064832014961361
"T3203",0,0.00524571098807853
"T3204",2.28670409298409e-22,0.00289076457220739
"T3225",0.00127933303398729,0.000191445609643945
"T3226",0,0.00691996773472591
"T3236",0,0.00202340167975508
"T3240",6.16297582203916e-32,0.000373563923668797
"T3246",1.84314276913291e-22,0.000568993151507723
"T3254",0,0.00362816642378256
"T3255",1.21994380868806e-21,0.000308824560413117
"T3262",3.53473061730507e-23,0.000269430967452261
"T3267",0,0.00204607690488811
"T3298",3.68391781673494e-22,0.000576440871316706
"T3306",5.97917369631299e-26,0.00039613885849207
"T3309",0,0.00190224037332314
"T3336",0,0.00031407223326652
"T3340",0,5.21698922636609e-05
"T3351",2.87348747702576e-30,0.000539699745696726
"T3431",6.17838326159425e-31,0.00206899204344326
"T3433",0,0.000803079015346511
"T3436",0,0.00238437933914375
"T3446",2.18978579497894e-23,0.00350223504107069
"T3454",8.10972453571966e-22,0.000465061075594449
"T3479",0,0.000194501380348052
"T3498",6.39555770623586e-25,0.000375263060063547
"T3502",2.67511860194106e-22,0.00122400980355442
"T3503",1.08681054261711e-21,2.52048704731414e-05
"T3505",7.13969337581767e-22,0.000298385861328153
"T3509",0,0.0050388703368362
"T351",3.08148791101958e-31,0.00649658144998117
"T3527",4.08826648568588e-22,0.00515830012936895
"T3535",1.33117196268135e-27,0.0012148043823653
"T3557",0,0.00360974065670591
"T36",0,0.000956229276168533
"T3603",0,0.00196167917633906
"T3610",3.83520055366902e-25,0.0011343106783789
"T3658",9.3628944163229e-23,9.70488469108353e-05
"T3668",1.54074395550979e-33,0.00017734452202997
"T3670",0,0.00270349109623581
"T368",0,0.000472181174556253
"T3720",3.8662966596376e-28,0.000211987590535908
"T3724",0,0.00689624960040612
"T388",0,5.63581869776309e-05
"T407",2.91746379001551e-22,0.000105683906584676
"T464",0,0.0137080245816706
"T469",1.44987962478638e-21,5.62050046085344e-05
"T473",0,0.00342636208198498
"T475",0,0.0074858789010925
"T521",3.83713924495875e-22,4.42035797266273e-05
"T55",0,0.00129306831072106
"T578",3.2740809054583e-33,7.0631946596514e-05
"T595",9.17014336761859e-24,0.00159966635580732
"T613",1.02716263700653e-33,0.00336550948765239
"T636",0,0.00118921110487594
"T660",0,0.00656408258043388
"T684",0,0.00415560825845418
"T70",6.90287271820469e-23,0.00111771078028433
"T96",1.82446655358219e-24,0.000118869777107982
"VACO10",0,0.00025324096568921
"HT115",0,1.12459231981184e-05
